Year,Predicted_Interest_Rate
2025,6.8693769416026775
2026,7.478052046913655
2027,8.064468738019468
2028,8.689931089788676
2029,9.547805268689991
2030,9.740690726250412
